model,score_test,score_val,eval_metric,pred_time_test,pred_time_val,fit_time,pred_time_test_marginal,pred_time_val_marginal,fit_time_marginal,stack_level,can_infer,fit_order
LightGBM,0.4979517523896222,0.3511450381679389,f1,0.0190277099609375,0.0040013790130615234,0.8649837970733643,0.0190277099609375,0.0040013790130615234,0.8649837970733643,1,True,2
CatBoost,0.497196261682243,0.33766233766233766,f1,0.022526979446411133,0.005239963531494141,49.017632722854614,0.022526979446411133,0.005239963531494141,49.017632722854614,1,True,3
LightGBMXT,0.4943515589697244,0.35294117647058826,f1,0.03705596923828125,0.002999544143676758,1.2886760234832764,0.03705596923828125,0.002999544143676758,1.2886760234832764,1,True,1
XGBoost,0.4918338777414839,0.355,f1,0.06459164619445801,0.011521577835083008,1.2076268196105957,0.06459164619445801,0.011521577835083008,1.2076268196105957,1,True,4
LightGBMLarge,0.4802967083912842,0.3316582914572864,f1,0.0630941390991211,0.014034032821655273,1.9936659336090088,0.0630941390991211,0.014034032821655273,1.9936659336090088,1,True,6
WeightedEnsemble_L2,0.4735945485519591,0.3728813559322034,f1,0.0660715103149414,0.020514488220214844,41.982067823410034,0.003004312515258789,0.0020008087158203125,0.12453341484069824,2,True,7
NeuralNetTorch,0.46134347275031684,0.3696682464454976,f1,0.04403948783874512,0.014512300491333008,40.99255061149597,0.04403948783874512,0.014512300491333008,40.99255061149597,1,True,5
