,accuracy,f1,confusion_matrix
validation,0.8941111418302461,0.2959558823529412,"[[6307, 81], [685, 161]]"
test,0.893177043016698,0.29178885630498536,"[[7878, 107], [859, 199]]"
