,accuracy,f1,confusion_matrix
train,0.7581046519665445,0.3831849828148409,"[[19761, 5788], [1211, 2174]]"
validation,0.7562897428808405,0.37681159420289856,"[[4938, 1450], [313, 533]]"
test,0.7568284861218623,0.38247683235046337,"[[6163, 1822], [377, 681]]"
