{
  "accuracy": 0.8633196947915515,
  "f1": 0.4735945485519591
}