{
  "validation": {
    "accuracy": 0.8941111418302461,
    "f1": 0.2959558823529412,
    "confusion_matrix": [
      [
        6307,
        81
      ],
      [
        685,
        161
      ]
    ]
  },
  "test": {
    "accuracy": 0.893177043016698,
    "f1": 0.29178885630498536,
    "confusion_matrix": [
      [
        7878,
        107
      ],
      [
        859,
        199
      ]
    ]
  }
}