{
  "train": {
    "accuracy": 0.7581046519665445,
    "f1": 0.3831849828148409,
    "confusion_matrix": [
      [
        19761,
        5788
      ],
      [
        1211,
        2174
      ]
    ]
  },
  "validation": {
    "accuracy": 0.7562897428808405,
    "f1": 0.37681159420289856,
    "confusion_matrix": [
      [
        4938,
        1450
      ],
      [
        313,
        533
      ]
    ]
  },
  "test": {
    "accuracy": 0.7568284861218623,
    "f1": 0.38247683235046337,
    "confusion_matrix": [
      [
        6163,
        1822
      ],
      [
        377,
        681
      ]
    ]
  }
}